Date,Open,High,Low,Close,Volume
2019-10-21,175.0,177.89,171.87,174.29,460.13617
2019-10-22,174.24,175.13,170.34,171.31,647.82578
2019-10-23,171.24,171.53,153.36,162.46,1130.90732
2019-10-24,162.34,163.5,158.44,161.0,808.86735
2019-10-25,161.02,186.73,161.0,181.74,1762.18861
2019-10-26,182.39,196.94,174.2,180.03,1427.23093
2019-10-27,180.19,188.94,105.0,184.18,525.94096
2019-10-28,184.0,189.86,180.84,182.01,1083.69522
2019-10-29,181.98,192.88,181.98,189.87,2307.75419
2019-10-30,189.49,191.85,180.04,183.38,960.03865
2019-10-31,183.57,185.19,177.86,182.37,988.41607
2019-11-01,182.25,184.49,177.39,182.88,716.41249
2019-11-02,183.21,185.72,181.81,182.8,482.73493
2019-11-03,183.0,184.85,179.33,181.78,362.04264
2019-11-04,181.74,188.58,180.61,186.11,711.69108
2019-11-05,185.95,191.99,182.64,188.65,904.20721
2019-11-06,188.69,194.32,188.09,191.08,733.93293
2019-11-07,191.2,191.99,184.49,186.44,1328.3299
2019-11-08,186.45,187.96,181.0,183.56,818.31076
2019-11-09,183.57,185.54,182.47,185.04,693.41431
2019-11-10,184.85,191.52,183.31,189.04,589.05567
2019-11-11,188.88,190.0,183.82,184.61,807.45034
2019-11-12,184.61,187.05,182.0,186.76,1113.94685
2019-11-13,186.76,189.25,184.99,187.76,455.87323
2019-11-14,187.91,188.22,182.81,184.49,494.80147
2019-11-15,184.44,186.32,177.21,179.69,793.85802
2019-11-16,179.64,183.1,178.96,182.37,320.45116
2019-11-17,182.43,185.87,180.11,183.72,399.02241
2019-11-18,183.57,183.72,174.18,177.89,655.85155
2019-11-19,177.45,178.01,172.46,175.6,561.45539
2019-11-20,175.4,177.02,173.34,174.33,468.00091
2019-11-21,174.1,175.32,156.92,160.65,1627.00145
2019-11-22,160.9,162.51,137.82,149.76,2922.38088
2019-11-23,149.88,154.31,146.42,151.85,1463.36061
2019-11-24,152.0,152.83,139.15,140.02,602.91019
2019-11-25,140.09,151.3,131.66,145.87,2540.45086
2019-11-26,146.1,149.78,143.77,147.68,863.55453
2019-11-27,147.4,155.48,141.03,153.02,990.52049
2019-11-28,152.87,154.43,149.38,150.87,1402.38118
2019-11-29,150.47,157.38,150.41,154.45,712.4184
2019-11-30,154.54,155.23,149.71,151.5,537.62706
2019-12-01,150.86,152.4,146.18,151.03,596.48175
2019-12-02,151.17,151.46,146.81,148.8,497.01419
2019-12-03,148.88,149.84,145.95,147.38,597.29487
2019-12-04,146.9,151.72,143.29,145.2,1358.66654
2019-12-05,145.45,148.8,143.93,147.63,739.36599
2019-12-06,148.17,149.55,145.84,148.54,1062.98159
2019-12-07,148.77,149.45,147.18,147.78,272.11167
2019-12-08,147.22,151.9,146.3,150.71,538.79776
2019-12-09,150.71,150.96,145.86,147.46,440.94291
2019-12-10,147.46,147.85,143.9,145.65,573.9518
2019-12-11,145.7,146.17,141.99,142.88,260.85777
2019-12-12,143.38,145.53,139.51,144.68,659.3251
2019-12-13,144.74,145.22,142.92,144.43,1049.36277
2019-12-14,144.69,144.77,141.05,141.78,437.70579
2019-12-15,141.07,143.69,139.91,142.36,255.49402
2019-12-16,141.81,142.0,130.0,132.54,1278.19431
2019-12-17,132.44,132.66,119.37,121.8,2050.23714
2019-12-18,121.8,134.46,116.75,133.04,2673.10708
2019-12-19,133.34,133.89,125.79,128.47,1813.93562
2019-12-20,128.2,128.85,126.04,128.12,722.51373
2019-12-21,128.28,128.29,126.7,126.94,558.64034
2019-12-22,126.89,132.86,126.84,132.16,727.99972
2019-12-23,132.54,135.1,125.92,127.99,1021.0729
2019-12-24,127.88,129.37,126.78,127.71,342.2824
2019-12-25,127.45,127.45,123.33,124.7,204.5833
2019-12-26,124.7,131.77,124.32,125.43,244.68349
2019-12-27,125.43,126.6,122.28,126.35,597.33218
2019-12-28,125.71,129.39,125.71,127.68,470.02674
2019-12-29,127.64,137.72,127.29,134.25,558.25172
2019-12-30,133.22,135.44,130.03,131.18,702.80206
2019-12-31,131.05,133.0,127.77,128.74,494.6794
2020-01-01,128.54,132.51,128.43,130.35,332.00567
2020-01-02,129.88,129.88,126.01,126.87,356.02846
2020-01-03,127.02,134.63,125.7,133.75,969.80025
2020-01-04,134.2,135.52,132.38,134.17,601.44372
2020-01-05,134.26,137.99,134.26,134.99,1902.27915
2020-01-06,135.02,144.23,134.89,143.94,938.53427
2020-01-07,144.35,145.08,138.97,142.92,736.13537
2020-01-08,142.9,147.83,137.16,140.45,1941.63336
2020-01-09,140.43,141.26,135.24,137.87,913.98707
2020-01-10,137.58,145.0,135.23,144.71,940.16711
2020-01-11,143.57,147.78,142.14,142.36,828.35613
2020-01-12,142.28,145.95,141.76,145.75,648.95422
2020-01-13,146.68,146.68,142.19,143.67,870.66549
2020-01-14,143.6,170.78,143.6,166.04,3734.03072
2020-01-15,165.46,171.76,159.03,166.15,2282.85518
2020-01-16,166.53,166.53,158.29,163.97,1776.67753
2020-01-17,164.25,174.09,161.93,170.34,2211.00313
2020-01-18,169.0,179.03,165.0,173.94,3284.14797
2020-01-19,173.86,177.75,161.59,166.63,2142.44769
2020-01-20,167.06,169.0,161.22,166.68,2332.06817
2020-01-21,166.63,169.65,164.46,169.37,1577.53017
2020-01-22,169.48,171.0,165.66,167.68,1493.54172
2020-01-23,167.55,167.55,158.86,162.72,1793.7446
2020-01-24,162.44,164.06,155.31,162.12,2535.05988
2020-01-25,161.26,162.06,157.5,160.13,1340.52789
2020-01-26,159.85,167.69,159.13,167.55,1403.5918
2020-01-27,167.68,171.63,165.0,169.75,2079.97051
2020-01-28,169.89,176.18,169.84,175.65,2083.74235
2020-01-29,175.61,178.4,173.21,173.21,1278.71602
2020-01-30,173.21,186.7,170.5,184.21,1754.84623
2020-01-31,184.73,185.48,174.93,179.72,2210.07881
2020-02-01,179.8,184.02,179.08,183.52,1219.1209
2020-02-02,183.21,193.36,179.0,188.1,2721.15596
2020-02-03,188.03,195.31,186.51,189.48,2227.51558
2020-02-04,189.82,191.2,184.42,188.36,1089.49756
2020-02-05,188.58,207.55,187.67,203.73,2740.77512
2020-02-06,204.0,216.1,201.13,212.85,3703.4243
2020-02-07,213.06,224.4,213.06,223.26,5445.57494
2020-02-08,223.45,227.73,213.39,223.31,5626.41409
2020-02-09,223.1,230.67,223.06,228.79,4102.5236
2020-02-10,228.79,229.64,216.67,222.96,6308.97202
2020-02-11,223.06,239.57,218.02,237.65,6629.17254
2020-02-12,238.07,275.93,238.07,266.18,10661.54013
2020-02-13,266.36,277.92,256.0,268.42,8398.30068
2020-02-14,268.64,288.21,260.35,285.76,6872.42008
2020-02-15,285.71,288.85,261.69,264.72,10248.81623
2020-02-16,264.74,273.87,237.03,259.18,14291.0244
2020-02-17,258.92,268.43,242.36,267.75,13936.30492
2020-02-18,267.85,286.44,259.08,283.16,11826.61425
2020-02-19,283.54,285.09,251.53,258.47,8130.90614
2020-02-20,258.38,264.28,245.8,257.57,10628.22615
2020-02-21,257.05,268.36,254.01,265.35,10580.67007
2020-02-22,265.58,266.94,256.47,262.13,4633.41048
2020-02-23,261.98,276.32,261.49,275.11,7880.80814
2020-02-24,275.11,277.87,257.22,265.41,12778.84308
2020-02-25,265.47,265.97,244.5,246.55,13038.84791
2020-02-26,245.9,250.0,215.51,223.58,16320.98548
2020-02-27,223.32,238.13,209.74,227.6,15039.46633
2020-02-28,227.96,234.47,213.97,227.15,11380.47297
2020-02-29,227.11,233.18,217.12,217.48,7633.70043
2020-03-01,217.15,227.5,212.37,217.4,10634.75836
2020-03-02,217.35,234.3,215.97,232.04,11712.33851
2020-03-03,232.17,232.99,220.1,223.63,18298.41834
2020-03-04,224.0,228.64,220.33,224.62,12389.64602
2020-03-05,224.64,234.21,224.64,228.63,14453.02958
2020-03-06,228.57,245.84,227.69,245.56,31688.53983
2020-03-07,245.88,252.36,236.44,237.37,13624.93751
2020-03-08,237.34,237.34,195.5,199.35,66959.46199
2020-03-09,199.5,208.49,189.69,202.63,41207.42536
2020-03-10,203.03,206.24,195.61,200.63,17554.38159
2020-03-11,200.59,203.13,181.81,194.85,41317.5847
2020-03-12,195.03,195.52,100.53,107.59,158890.52373
2020-03-13,107.58,140.33,85.67,135.03,100764.58219
2020-03-14,135.7,135.71,120.84,122.7,51996.11848
2020-03-15,122.54,133.94,120.2,123.56,45044.67339
2020-03-16,123.44,124.07,101.0,110.98,46742.06668
2020-03-17,111.46,121.24,109.45,116.16,37731.97027
2020-03-18,116.14,118.85,110.15,118.56,36056.21437
2020-03-19,118.7,143.5,115.8,136.81,42137.92224
2020-03-20,136.86,153.0,116.5,133.5,45292.9497
2020-03-21,133.59,137.82,125.85,132.78,29888.91305
2020-03-22,132.7,137.35,121.11,122.42,27343.33121
2020-03-23,122.32,138.09,119.5,136.39,33399.03112
2020-03-24,136.48,144.0,133.0,139.01,44486.82093
2020-03-25,138.75,142.8,133.0,136.51,31606.07594
2020-03-26,136.39,140.06,133.5,138.81,20236.9597
2020-03-27,138.87,141.72,130.0,131.54,18270.95569
2020-03-28,131.33,133.21,125.0,131.24,16479.34042
2020-03-29,131.33,132.11,123.9,124.32,13111.77542
2020-03-30,124.71,135.51,124.08,132.31,18875.34925
2020-03-31,132.31,135.44,130.58,133.06,16986.36962
2020-04-01,133.22,137.14,128.97,136.18,16444.47642
2020-04-02,136.19,150.2,135.51,141.4,32024.16868
2020-04-03,141.34,146.93,138.0,141.32,30975.99416
2020-04-04,141.31,146.55,139.15,144.34,11667.55985
2020-04-05,144.55,145.86,140.78,142.98,6868.97198
2020-04-06,142.92,172.0,142.86,171.54,31255.26637
2020-04-07,171.47,176.32,162.33,164.64,33523.56981
2020-04-08,164.57,174.67,163.57,173.41,16076.49605
2020-04-09,173.31,173.55,165.3,169.79,14620.85875
2020-04-10,169.79,170.35,152.33,158.02,27834.11387
2020-04-11,158.14,161.7,154.15,158.69,19921.42072
2020-04-12,158.71,165.24,155.24,158.72,20003.60893
2020-04-13,158.68,159.35,150.0,156.82,21841.60353
2020-04-14,156.76,162.18,155.55,158.69,18475.50059
2020-04-15,158.47,161.45,151.87,152.79,17687.89639
2020-04-16,152.72,175.06,148.46,172.56,32961.77071
2020-04-17,172.58,175.05,168.48,170.82,13339.90309
2020-04-18,170.82,189.81,170.79,187.95,24304.78965
2020-04-19,187.79,188.57,176.23,180.34,17985.59389
2020-04-20,180.34,186.65,166.99,170.45,36232.31517
2020-04-21,170.1,174.85,168.38,170.88,15647.87546
2020-04-22,170.91,184.18,170.07,182.92,20813.75617
2020-04-23,182.92,194.15,178.37,185.76,48863.95948
2020-04-24,185.56,190.0,184.85,187.74,15181.71618
2020-04-25,187.85,198.33,185.98,194.42,20117.52706
2020-04-26,194.39,200.1,192.54,197.61,18476.54379
2020-04-27,197.66,199.2,189.95,196.87,36001.67262
2020-04-28,196.84,197.86,192.64,196.61,12782.40298
2020-04-29,196.61,219.22,196.57,215.55,34483.60269
2020-04-30,215.55,227.59,202.33,206.3,38533.98885
2020-05-01,206.19,217.5,206.07,212.12,21976.45411
2020-05-02,212.06,215.5,210.55,213.93,9334.3278
2020-05-03,214.04,219.37,205.14,210.06,14435.32272
2020-05-04,210.16,210.88,195.12,206.93,34279.60713
2020-05-05,206.88,211.91,201.26,205.4,18097.21218
2020-05-06,205.5,211.07,197.95,199.38,19260.21988
2020-05-07,199.21,215.55,196.95,212.16,29316.0218
2020-05-08,212.39,216.86,207.25,211.57,17330.44391
2020-05-09,211.53,214.78,208.46,210.1,19454.02705
2020-05-10,210.06,210.1,179.0,187.56,60345.66831
2020-05-11,187.65,193.57,176.36,186.02,47247.93009
2020-05-12,185.89,192.31,185.59,189.9,22583.00665
2020-05-13,189.79,201.36,188.5,199.75,19995.68546
2020-05-14,199.94,206.03,195.8,203.35,22516.94322
2020-05-15,203.47,204.11,191.55,194.76,21295.56658
2020-05-16,194.76,203.31,193.02,200.42,16201.2112
2020-05-17,200.43,209.76,199.65,207.01,14933.91934
2020-05-18,207.02,217.08,206.9,214.81,29155.72741
2020-05-19,214.85,215.83,209.32,214.58,10606.78647
2020-05-20,214.76,215.5,206.0,209.79,10577.06532
2020-05-21,209.79,211.47,191.44,198.5,22699.36211
2020-05-22,198.5,209.15,196.09,207.26,17750.04969
2020-05-23,207.29,211.1,204.67,206.53,8424.75766
2020-05-24,206.53,210.64,199.5,199.65,13374.44691
2020-05-25,199.53,205.61,198.08,204.01,12273.61164
2020-05-26,204.01,204.94,196.62,200.76,9385.66765
2020-05-27,200.99,208.5,200.71,208.3,10283.12071
2020-05-28,208.3,220.59,204.62,220.3,12159.03459
2020-05-29,220.31,224.81,217.35,220.52,10815.51097
2020-05-30,220.59,247.18,218.62,243.52,32708.21564
2020-05-31,243.6,245.42,229.58,231.32,27314.90634
2020-06-01,231.56,251.18,230.57,248.71,17608.21893
2020-06-02,248.44,253.52,225.91,237.73,23785.23562
2020-06-03,237.74,245.23,233.23,244.35,17115.14252
2020-06-04,244.59,246.59,236.0,243.43,15429.81947
2020-06-05,243.34,247.98,239.0,239.94,9128.83357
2020-06-06,239.93,244.53,237.77,241.82,7263.06211
2020-06-07,242.0,245.38,234.54,244.65,10659.23124
2020-06-08,244.74,247.77,241.0,246.37,7016.64533
2020-06-09,246.55,249.85,238.59,243.97,11465.05125
2020-06-10,243.97,250.6,242.21,247.74,10996.61392
2020-06-11,247.91,250.32,225.34,230.25,20862.5835
2020-06-12,229.87,239.28,228.09,237.59,10787.54688
2020-06-13,237.63,238.7,234.57,238.06,5980.39208
2020-06-14,238.02,238.53,229.82,231.51,8294.90292
2020-06-15,231.52,233.57,217.89,230.89,26423.69615
2020-06-16,230.98,235.9,228.77,235.08,10568.58747
2020-06-17,235.3,237.07,227.59,233.47,11672.26077
2020-06-18,233.47,234.44,227.64,230.91,8266.13582
2020-06-19,230.91,231.72,226.42,228.63,8107.21563
2020-06-20,228.46,230.49,224.84,228.74,24934.05945
2020-06-21,228.82,231.19,226.9,227.7,5672.60671
2020-06-22,227.64,246.85,227.21,243.19,20564.29137
2020-06-23,243.27,244.93,240.71,243.03,11741.33402
2020-06-24,243.1,249.03,230.69,234.17,18632.49394
2020-06-25,234.27,235.14,227.21,232.41,11609.76816
2020-06-26,232.24,233.33,227.34,229.32,15348.56067
2020-06-27,229.44,231.0,215.54,220.62,13938.74868
2020-06-28,220.67,227.85,218.28,224.8,9638.93994
2020-06-29,224.99,229.9,221.04,227.76,11757.66532
2020-06-30,227.9,228.59,222.78,225.4,7431.92559
2020-07-01,225.37,232.7,224.14,231.04,10631.30865
2020-07-02,231.07,232.07,222.95,226.41,15595.1083
2020-07-03,226.42,228.23,224.28,224.9,7454.95057
2020-07-04,224.85,230.64,224.48,229.19,8368.62154
2020-07-05,229.22,229.79,223.42,227.54,10007.25969
2020-07-06,227.64,241.87,227.03,241.59,19009.35848
2020-07-07,241.6,243.75,234.57,239.33,19659.54543
2020-07-08,239.37,248.99,237.85,247.02,19047.0755
2020-07-09,247.02,247.54,237.9,241.99,13749.2407
2020-07-10,241.95,242.11,235.61,241.12,11819.85275
2020-07-11,241.12,241.55,237.51,239.14,7780.85759
2020-07-12,239.18,243.94,236.68,242.82,18308.99304
2020-07-13,242.85,245.17,237.28,239.39,25445.39961
2020-07-14,239.38,242.03,236.77,240.4,13856.59271
2020-07-15,240.42,241.37,236.63,238.34,9764.65061
2020-07-16,238.36,239.16,229.72,233.45,16035.27332
2020-07-17,233.45,234.53,231.53,232.66,8466.30824
2020-07-18,232.55,236.88,232.24,235.64,25222.25603
2020-07-19,235.66,239.87,233.31,239.09,16569.56872
2020-07-20,239.09,239.76,234.08,236.07,14334.63345
2020-07-21,236.0,246.9,235.61,245.76,18108.10317
2020-07-22,245.75,270.06,241.73,264.15,30987.39121
2020-07-23,264.3,280.28,260.0,275.67,56816.36624
2020-07-24,275.59,287.7,268.08,279.41,36919.07411
2020-07-25,279.53,309.23,279.53,305.65,41515.41579
2020-07-26,305.56,320.0,300.03,311.34,51040.20126
2020-07-27,311.39,333.97,311.27,322.45,65126.81913
2020-07-28,322.48,327.38,306.15,317.29,49475.73685
2020-07-29,317.37,325.35,312.87,318.04,33871.39711
2020-07-30,318.02,342.32,314.36,335.12,72266.14961
2020-07-31,335.11,349.85,328.66,346.82,50084.91797
2020-08-01,346.97,393.51,343.64,387.55,75138.2438
2020-08-02,387.55,416.14,325.0,372.4,131321.02424
2020-08-03,372.38,398.21,366.9,386.24,74803.14701
2020-08-04,386.25,403.26,380.66,389.81,71983.51732
2020-08-05,389.81,407.55,384.0,401.12,94472.75166
2020-08-06,401.12,403.92,390.99,395.09,73283.64438
2020-08-07,395.05,398.49,363.19,379.76,85387.33107
2020-08-08,379.74,397.26,376.22,397.25,36943.06663
2020-08-09,397.26,400.41,384.25,390.4,42357.30717
2020-08-10,390.43,399.85,385.73,395.8,52917.41219
2020-08-11,395.79,398.37,366.98,378.78,91401.74757
2020-08-12,378.87,389.54,365.97,387.26,79202.70881
2020-08-13,387.29,431.96,376.88,425.03,147405.38803
2020-08-14,425.03,444.9,417.9,438.67,119393.95655
2020-08-15,438.68,443.35,427.55,432.48,106536.52834
2020-08-16,432.61,436.98,412.44,433.69,122808.18953
2020-08-17,433.77,446.98,420.38,431.44,111823.96698
2020-08-18,431.33,434.39,414.43,422.3,87665.25203
2020-08-19,422.2,426.87,393.44,407.6,117179.71781
2020-08-20,407.53,419.27,402.26,416.1,62951.96404
2020-08-21,416.12,418.84,385.01,387.9,100707.99764
2020-08-22,387.9,397.14,379.7,395.52,81277.01077
2020-08-23,395.43,397.12,383.42,390.83,52788.67319
2020-08-24,390.81,410.29,387.69,407.73,58026.71068
2020-08-25,407.73,409.09,369.9,383.14,103911.9608
2020-08-26,383.11,393.21,377.49,386.07,59743.94061
2020-08-27,386.06,397.13,371.42,383.28,89374.709
2020-08-28,383.32,398.24,379.78,395.33,65349.93545
2020-08-29,395.33,405.8,392.17,398.66,43216.4563
2020-08-30,398.74,429.85,398.41,428.87,90910.79009
2020-08-31,428.9,439.09,418.14,433.91,126264.08946
2020-09-01,433.92,489.11,429.52,475.51,307780.90941
2020-09-02,475.51,481.46,420.04,439.87,323273.29398
2020-09-03,439.89,451.14,372.14,381.95,358622.8761
2020-09-04,381.83,400.56,356.63,385.56,227655.23326
2020-09-05,385.57,394.89,300.55,335.06,443296.60508
2020-09-06,335.05,360.2,316.19,352.83,296754.35755
2020-09-07,352.86,358.5,323.2,353.6,228922.27445
2020-09-08,353.6,356.59,325.43,337.24,217315.9875
2020-09-09,337.25,359.15,330.56,350.9,102237.79157
2020-09-10,350.87,377.49,350.05,368.06,199293.88773
2020-09-11,368.02,375.33,355.68,373.82,127999.42811
2020-09-12,373.82,388.42,364.84,387.82,66760.10621
2020-09-13,387.83,390.46,353.59,366.43,118470.40309
2020-09-14,366.44,384.19,355.86,377.19,196051.2193
2020-09-15,377.2,382.5,362.4,364.08,119293.20442
2020-09-16,364.04,373.5,355.0,365.1,128970.78781
2020-09-17,365.1,394.23,363.36,389.46,183663.28122
2020-09-18,389.45,392.62,375.22,384.48,110836.55084
2020-09-19,384.49,388.71,377.0,385.2,61340.05568
2020-09-20,385.19,385.44,364.9,370.82,75669.73197
2020-09-21,370.99,376.72,330.93,340.22,176075.27974
2020-09-22,340.2,346.81,335.45,344.15,112534.95655
2020-09-23,344.16,344.58,313.19,320.6,148663.98522
2020-09-24,320.64,353.2,316.61,349.06,183772.25213
2020-09-25,349.06,357.99,337.63,352.07,241211.88636
2020-09-26,352.07,356.49,345.99,354.02,102250.09383
2020-09-27,354.01,362.18,347.12,357.53,85653.76724
2020-09-28,357.53,368.14,351.84,353.84,110014.93832
2020-09-29,353.84,360.57,350.24,359.76,130852.30835
2020-09-30,359.77,361.37,351.34,359.75,95521.27791
2020-10-01,359.76,370.0,345.18,352.76,156520.53836
2020-10-02,352.74,354.32,334.34,345.63,199128.20513
2020-10-03,345.62,351.03,343.68,346.01,59470.4844
2020-10-04,346.01,354.4,344.03,352.4,76165.08663
2020-10-05,352.4,356.33,348.65,353.71,73504.62503
2020-10-06,353.71,355.12,336.6,340.66,138868.97454
2020-10-07,340.69,342.87,332.8,341.58,117452.80969
2020-10-08,341.57,353.31,334.12,350.99,122089.92307
2020-10-09,351.03,368.48,347.36,365.22,102045.05657
2020-10-10,365.21,378.47,364.82,370.73,86760.18312
2020-10-11,370.72,377.65,369.11,374.25,67597.41868
2020-10-12,374.24,394.96,365.62,386.69,140713.89103
2020-10-13,386.69,387.84,374.62,381.22,118547.38817
2020-10-14,381.22,387.59,373.44,378.91,114155.5744
2020-10-15,378.91,381.92,370.02,377.82,134969.11613
2020-10-16,377.78,379.9,361.5,365.66,150656.39022
2020-10-17,365.69,370.6,363.61,368.43,46913.67884
2020-10-18,368.42,378.74,367.28,378.35,50393.45415
2020-10-19,378.32,384.5,372.82,379.45,106007.59299
2020-10-20,379.44,380.81,365.76,368.8,133908.28225
2020-10-21,368.85,402.14,368.1,391.27,232996.95298
2020-10-22,391.27,421.36,391.18,414.58,222219.13206
2020-10-23,414.53,419.47,401.77,409.53,153877.84906
2020-10-24,409.51,417.0,407.4,412.53,87511.44256
2020-10-25,412.51,417.79,403.06,406.24,98052.39506
2020-10-26,406.24,411.4,382.62,393.0,142854.45424
2020-10-27,392.96,410.61,390.2,403.64,119704.78287
2020-10-28,403.63,409.39,380.62,388.4,165161.87947
2020-10-29,388.37,394.0,380.85,387.38,113933.38056
2020-10-30,387.38,392.1,373.55,382.84,165501.88652
2020-10-31,382.86,394.23,380.63,386.75,116848.16224
2020-11-01,386.75,397.94,385.0,396.92,104659.05437
2020-11-02,396.92,404.73,378.12,383.33,183183.18775
2020-11-03,383.35,390.37,370.26,388.06,181033.09087
2020-11-04,388.08,408.98,376.67,402.98,276577.54779
2020-11-05,402.99,421.05,396.93,417.4,406900.35396
2020-11-06,417.4,458.74,415.44,456.51,433861.92102
2020-11-07,456.51,468.9,424.35,435.65,514102.89478
2020-11-08,435.67,460.5,432.58,454.66,282591.99689
2020-11-09,454.66,459.55,434.11,444.75,340554.61661
2020-11-10,444.76,455.24,439.23,450.77,242964.31206
2020-11-11,450.76,476.84,449.76,463.62,310564.34092
2020-11-12,463.62,470.54,452.14,462.98,312997.40249
2020-11-13,462.97,478.53,457.55,476.97,281768.01114
2020-11-14,476.95,477.93,452.5,461.26,194869.77606
2020-11-15,461.27,463.19,440.58,448.55,182345.5026
2020-11-16,448.46,466.18,445.85,460.77,277640.12896
2020-11-17,460.72,485.21,460.06,482.68,348678.61634
2020-11-18,482.68,495.84,457.57,478.8,501402.53888
2020-11-19,478.87,481.0,465.16,471.74,214322.50737
2020-11-20,471.74,514.62,471.15,510.49,476011.01755
2020-11-21,510.48,553.91,503.2,552.73,525927.27089
2020-11-22,552.8,581.5,511.55,560.89,685118.40755
2020-11-23,560.76,611.39,550.59,609.21,598507.79463
2020-11-24,609.15,623.78,589.47,605.43,530422.82901
2020-11-25,605.43,606.41,554.89,569.45,394963.05517
2020-11-26,569.44,577.01,481.52,520.2,984048.09198
2020-11-27,520.2,530.9,493.75,518.78,453636.20425
2020-11-28,518.83,548.52,507.07,537.95,373448.9831
2020-11-29,537.94,577.29,531.02,576.67,323413.22231
2020-11-30,576.68,616.99,571.0,616.85,423226.63292
2020-12-01,616.89,635.94,561.82,585.61,695008.96949
2020-12-02,585.61,604.88,574.58,597.14,410828.16042
2020-12-03,597.16,623.8,586.14,616.39,305296.19259
2020-12-04,616.39,620.46,565.95,567.45,320778.15301
2020-12-05,567.43,597.5,561.02,597.05,195120.19265
2020-12-06,597.05,607.74,583.34,601.94,203379.55622
2020-12-07,601.89,603.39,584.45,591.47,144344.20264
2020-12-08,591.48,595.2,548.54,554.68,232774.63023
2020-12-09,554.67,577.88,530.26,573.4,303439.6757
2020-12-10,573.39,575.64,548.08,558.92,206792.56665
2020-12-11,558.9,560.57,535.14,544.38,246208.704
2020-12-12,544.41,573.97,543.08,568.33,161082.18667
2020-12-13,568.33,595.0,563.56,590.67,207854.03031
2020-12-14,590.66,591.44,575.6,586.2,179226.12917
2020-12-15,586.21,596.99,579.2,588.8,177853.48541
2020-12-16,588.88,639.58,581.09,637.75,338145.30036
2020-12-17,637.71,676.38,626.62,643.24,673155.59615
2020-12-18,643.24,664.67,630.0,654.31,346989.44243
2020-12-19,654.31,670.61,646.22,658.85,306675.25455
2020-12-20,658.78,661.89,621.42,638.54,310045.80883
2020-12-21,638.54,648.38,596.0,607.87,337535.26317
2020-12-22,607.94,637.83,588.0,636.5,348465.80688
2020-12-23,636.49,638.0,551.85,585.31,438209.55847
2020-12-24,585.3,615.0,565.35,612.12,356714.54516
2020-12-25,612.15,633.94,604.16,626.54,297813.19622
2020-12-26,626.55,652.5,615.18,636.88,332170.3693
2020-12-27,636.88,716.11,625.77,684.17,550327.94437
2020-12-28,684.11,747.18,680.82,729.34,503305.44104
2020-12-29,729.35,739.66,688.32,731.31,408068.63311
2020-12-30,731.35,758.69,716.32,752.46,352025.93225
2020-12-31,752.45,755.87,722.25,737.33,331438.73587
2021-01-01,737.39,750.29,717.0,730.92,249637.47423
2021-01-02,730.86,788.8,717.0,775.28,507281.21994
2021-01-03,775.33,1013.33,769.64,980.14,987567.47912
2021-01-04,979.58,1168.53,885.0,1042.23,1199991.32836
2021-01-05,1042.24,1136.04,975.51,1103.01,767030.22732
2021-01-06,1102.98,1216.36,1058.83,1211.47,677040.87254
2021-01-07,1211.71,1291.03,1139.83,1225.91,494679.99882
2021-01-08,1226.2,1274.71,1066.9,1217.89,671575.16955
2021-01-09,1217.89,1308.07,1173.07,1280.39,412858.84957
2021-01-10,1280.76,1352.98,1164.28,1254.59,567177.75775
2021-01-11,1254.7,1260.0,911.04,1087.2,1145156.14379
2021-01-12,1087.15,1150.8,1006.4,1049.35,650816.28484
2021-01-13,1049.45,1137.6,986.67,1129.88,532073.46472
2021-01-14,1129.98,1248.03,1086.83,1230.35,474561.62629
2021-01-15,1230.52,1255.07,1067.57,1168.37,648235.46239
2021-01-16,1168.2,1292.3,1151.6,1227.88,505080.92285
2021-01-17,1227.81,1269.0,1166.04,1232.24,406557.925
2021-01-18,1232.21,1261.17,1182.61,1258.89,303279.59146
2021-01-19,1258.82,1440.0,1252.0,1367.07,604488.46518
2021-01-20,1367.32,1408.67,1235.71,1377.58,670070.82137
2021-01-21,1377.56,1389.52,1084.18,1110.6,763755.25423
2021-01-22,1110.42,1276.23,1041.42,1234.0,695671.77686
2021-01-23,1233.86,1273.49,1197.45,1234.53,312727.55855
2021-01-24,1234.53,1400.15,1220.93,1393.92,371741.22256
2021-01-25,1393.92,1476.61,1294.16,1317.77,525169.04685
2021-01-26,1317.77,1378.87,1207.0,1367.0,549517.39817
2021-01-27,1367.14,1375.0,1207.7,1240.98,629599.91991
2021-01-28,1241.17,1362.93,1219.11,1332.63,439304.69507
2021-01-29,1332.64,1440.0,1287.47,1380.3,682231.85721
2021-01-30,1380.28,1406.87,1326.69,1379.79,299469.4735
2021-01-31,1379.76,1381.9,1282.09,1313.69,250298.02028
2021-02-01,1313.67,1377.55,1270.89,1374.72,252968.4752
2021-02-02,1374.71,1549.17,1361.74,1513.29,437807.55349
2021-02-03,1513.32,1671.22,1508.9,1666.43,349239.48354
2021-02-04,1666.49,1697.99,1556.63,1597.02,421309.1152
2021-02-05,1597.03,1762.99,1593.0,1720.85,334451.97292
2021-02-06,1720.55,1745.19,1646.18,1678.79,323021.1852
2021-02-07,1678.8,1694.64,1492.47,1614.42,370051.63618
2021-02-08,1614.41,1779.43,1566.51,1751.39,383130.46594
2021-02-09,1751.53,1825.23,1709.66,1771.65,366924.89874
2021-02-10,1771.56,1839.23,1680.0,1742.36,369089.09057
2021-02-11,1742.19,1818.99,1704.67,1787.25,236472.90401
2021-02-12,1787.25,1867.98,1739.62,1843.8,280206.42882
2021-02-13,1843.76,1874.74,1766.05,1817.27,225920.59704
2021-02-14,1817.13,1851.0,1785.77,1802.09,189442.31064
2021-02-15,1802.09,1836.29,1661.0,1779.39,301197.52215
2021-02-16,1779.48,1826.67,1724.46,1781.9,245685.36513
2021-02-17,1781.79,1855.78,1733.47,1850.15,244276.34812
2021-02-18,1850.29,1949.82,1850.29,1939.07,263759.92667
2021-02-19,1938.77,1973.41,1890.67,1955.88,220514.31827
2021-02-20,1955.99,2042.4,1805.9,1914.7,343978.12346
2021-02-21,1914.54,1976.33,1884.92,1934.9,218638.3433
2021-02-22,1934.98,1937.73,1555.0,1777.78,557775.81467
2021-02-23,1777.79,1782.42,1355.0,1577.3,898199.41544
2021-02-24,1577.3,1714.13,1500.51,1624.24,514316.81929
2021-02-25,1624.23,1672.17,1459.0,1482.02,387640.09653
2021-02-26,1481.68,1562.8,1400.0,1444.54,497259.50141
2021-02-27,1444.53,1527.93,1426.16,1459.56,324307.83869
2021-02-28,1459.5,1469.33,1293.2,1421.69,495280.55994
2021-03-01,1421.35,1573.5,1412.3,1571.34,329315.91089
2021-03-02,1571.5,1604.44,1455.78,1487.98,328962.74411
2021-03-03,1487.96,1657.47,1476.48,1568.17,307395.81387
2021-03-04,1568.16,1624.81,1505.0,1538.77,310733.48372
2021-03-05,1538.81,1549.0,1441.85,1528.3,350430.21777
2021-03-06,1528.53,1671.52,1512.58,1651.24,267009.92987
2021-03-07,1651.15,1734.71,1629.88,1727.07,244522.03634
2021-03-08,1727.07,1843.63,1666.01,1833.9,347410.27245
2021-03-09,1833.9,1871.33,1799.19,1871.1,294082.06382
2021-03-10,1871.09,1878.3,1757.61,1795.69,348336.67274
2021-03-11,1795.5,1847.0,1724.4,1826.28,306052.04711
2021-03-12,1826.29,1842.57,1720.0,1765.97,333447.92437
2021-03-13,1765.91,1943.81,1728.15,1921.29,347959.27956
2021-03-14,1921.33,1931.94,1836.17,1848.29,215294.69163
2021-03-15,1848.3,1891.44,1733.44,1794.09,353335.7957
2021-03-16,1793.9,1819.0,1711.6,1805.62,259706.96913
2021-03-17,1805.38,1839.82,1741.67,1823.97,231061.80255
2021-03-18,1823.98,1850.0,1758.58,1775.83,207919.48188
2021-03-19,1775.83,1840.58,1733.33,1809.44,176366.26006
2021-03-20,1809.29,1869.1,1800.47,1805.85,148365.13782
2021-03-21,1805.92,1817.58,1747.0,1783.74,169569.89339
2021-03-22,1783.82,1807.24,1656.0,1681.5,225354.62249
2021-03-23,1681.54,1721.68,1651.26,1668.32,250857.95552
2021-03-24,1668.32,1740.66,1545.0,1581.59,312938.07214
2021-03-25,1581.66,1622.1,1548.12,1586.59,357679.9874
2021-03-26,1586.59,1700.99,1586.51,1699.79,225709.22783
2021-03-27,1699.79,1732.36,1666.79,1712.82,196839.80698
2021-03-28,1712.82,1725.0,1661.51,1686.63,164989.11742
2021-03-29,1686.64,1840.59,1677.39,1816.53,203312.90561
2021-03-30,1816.57,1859.5,1785.95,1841.17,180759.82822
2021-03-31,1841.11,1947.0,1772.09,1919.86,264887.1218
2021-04-01,1919.89,1984.28,1885.33,1967.62,248453.25045
2021-04-02,1967.62,2146.42,1948.39,2134.19,263196.21742
2021-04-03,2134.19,2138.65,2000.0,2009.02,267610.63418
2021-04-04,2009.01,2092.05,1977.78,2075.95,164492.99043
2021-04-05,2075.87,2131.41,2002.22,2107.33,217394.7189
2021-04-06,2107.49,2151.33,2044.42,2111.86,255156.21248
2021-04-07,2112.0,2128.56,1930.06,1962.2,365035.51444
2021-04-08,1962.31,2084.01,1947.19,2080.3,219885.52304
2021-04-09,2080.29,2100.33,2048.57,2065.77,164709.90832
2021-04-10,2065.78,2196.75,2056.87,2132.92,277204.88671
2021-04-11,2132.98,2162.99,2111.9,2149.98,169694.70156
2021-04-12,2149.99,2200.0,2101.12,2136.77,217183.79002
2021-04-13,2136.76,2318.04,2134.73,2300.08,296248.17504
2021-04-14,2300.08,2446.6,2281.89,2432.47,383603.62165
2021-04-15,2432.48,2546.04,2400.0,2516.39,287450.66321
2021-04-16,2516.38,2549.62,2304.66,2425.46,407438.78587
2021-04-17,2425.77,2497.18,2315.0,2319.32,273338.30294
2021-04-18,2319.66,2342.64,1933.32,2239.93,577962.61121
2021-04-19,2239.93,2282.12,2080.45,2162.69,405238.79862
2021-04-20,2162.7,2348.46,2058.6,2332.26,441217.08406
2021-04-21,2332.26,2470.78,2238.03,2358.04,515530.32694
2021-04-22,2358.01,2645.61,2302.97,2398.16,722380.3426
2021-04-23,2398.57,2442.69,2105.72,2368.74,745200.12386
2021-04-24,2369.08,2370.01,2157.0,2216.27,397960.72458
2021-04-25,2216.5,2358.93,2170.11,2322.82,324850.77566
2021-04-26,2322.82,2543.97,2305.91,2534.5,378394.19446
2021-04-27,2534.46,2684.5,2483.43,2668.5,248921.01968
2021-04-28,2668.5,2763.99,2562.69,2750.0,316980.04258
2021-04-29,2750.5,2800.0,2671.22,2758.92,276387.222
2021-04-30,2758.78,2800.0,2726.82,2775.51,230236.32597
2021-05-01,2775.5,2956.66,2756.33,2947.37,199161.42059
2021-05-02,2947.37,2986.54,2854.38,2951.33,189162.57005
2021-05-03,2951.33,3457.58,2951.33,3432.99,406735.26666
2021-05-04,3432.99,3529.76,3162.46,3241.0,623282.03741
2021-05-05,3241.02,3550.0,3210.2,3529.42,433770.9441
2021-05-06,3529.42,3611.45,3381.62,3492.3,361226.90187
2021-05-07,3492.31,3591.12,3356.92,3482.75,287586.4221
2021-05-08,3482.76,3964.56,3452.54,3914.65,369687.57343
2021-05-09,3915.86,3985.0,3728.57,3928.37,322927.48008
2021-05-10,3928.37,4214.5,3650.0,3949.23,459015.2893
2021-05-11,3950.2,4185.0,3771.49,4178.59,373292.84306
2021-05-12,4179.07,4379.53,3717.17,3819.17,504345.56706
2021-05-13,3815.25,4043.38,3510.0,3718.79,687091.82163
2021-05-14,3718.28,4180.0,3693.2,4080.2,346236.38645
2021-05-15,4079.96,4135.82,3632.52,3646.65,308915.43104
2021-05-16,3648.02,3879.04,3345.0,3583.98,370981.14387
2021-05-17,3583.98,3590.75,3121.19,3282.73,486774.60012
2021-05-18,3282.89,3567.47,3240.36,3377.49,382333.26196
2021-05-19,3377.63,3443.06,1901.0,2443.89,1072116.60099
2021-05-20,2443.89,2998.0,2157.0,2774.43,934901.52996
2021-05-21,2774.07,2943.78,2101.0,2433.36,790293.58149
2021-05-22,2434.92,2488.0,2150.0,2297.14,572765.11421
2021-05-23,2297.47,2383.55,1731.07,2100.26,818569.43877
2021-05-24,2099.43,2680.52,2083.24,2651.7,589404.5919
2021-05-25,2651.7,2753.46,2382.49,2705.82,554045.18102
2021-05-26,2706.9,2915.0,2645.88,2889.4,428890.31505
2021-05-27,2889.03,2894.07,2637.0,2744.73,350674.91826
2021-05-28,2744.73,2763.58,2326.83,2413.05,411314.18934
2021-05-29,2413.11,2575.0,2208.0,2280.2,360655.33784
2021-05-30,2280.78,2478.35,2181.36,2387.54,284460.87264
2021-05-31,2387.13,2720.0,2274.0,2707.47,380900.56885
2021-06-01,2707.8,2741.18,2525.84,2633.46,359037.18254
2021-06-02,2633.46,2802.73,2551.24,2706.0,277767.08019
2021-06-03,2706.0,2891.59,2662.69,2858.22,314123.13283
2021-06-04,2858.19,2860.64,2550.78,2690.77,330627.12197
2021-06-05,2690.77,2817.5,2553.22,2628.43,295368.31417
2021-06-06,2628.42,2746.41,2615.11,2712.58,196190.95227
2021-06-07,2712.58,2848.85,2572.0,2593.5,324207.45877
2021-06-08,2592.93,2621.91,2306.05,2508.97,434863.36125
2021-06-09,2509.85,2628.9,2406.0,2611.57,392195.6051
2021-06-10,2611.57,2626.0,2427.46,2472.5,256408.44766
2021-06-11,2471.68,2498.79,2321.37,2354.45,215256.16723
2021-06-12,2354.02,2454.82,2256.79,2370.56,237118.58259
2021-06-13,2370.57,2548.96,2308.98,2509.32,228029.60639
2021-06-14,2509.56,2610.0,2461.49,2582.31,202674.57597
2021-06-15,2581.62,2640.43,2508.0,2543.34,184453.40474
2021-06-16,2543.62,2556.12,2351.02,2367.63,218234.3594
2021-06-17,2367.41,2460.0,2306.69,2373.06,200758.75668
2021-06-18,2373.29,2377.64,2137.98,2235.45,255547.48461
2021-06-19,2234.9,2278.98,2162.39,2165.41,162083.67202
2021-06-20,2165.68,2277.73,2041.66,2243.25,250384.18502
2021-06-21,2243.35,2259.87,1865.1,1885.23,539181.26705
2021-06-22,1885.04,1996.96,1700.41,1879.65,552798.95603
2021-06-23,1879.62,2045.0,1822.71,1968.5,334901.11782
2021-06-24,1968.66,2036.7,1885.09,1989.47,250031.28357
2021-06-25,1989.65,2019.65,1791.21,1809.05,322819.94572
2021-06-26,1809.05,1852.39,1717.41,1830.1,276140.3909
2021-06-27,1829.33,1984.77,1806.64,1982.69,215717.50688
2021-06-28,1982.69,2145.0,1961.28,2084.39,300169.8913
2021-06-29,2084.55,2245.0,2074.25,2165.98,257905.22471
2021-06-30,2165.27,2287.64,2088.27,2275.71,283389.40782
2021-07-01,2275.7,2276.24,2073.25,2106.52,277765.03365
2021-07-02,2106.51,2159.32,2018.0,2154.34,239581.97539
2021-07-03,2154.35,2239.85,2113.1,2227.59,183142.52419
2021-07-04,2227.59,2389.77,2190.0,2322.89,191676.79627
2021-07-05,2322.89,2324.61,2158.78,2196.73,266317.97891
2021-07-06,2197.5,2350.0,2194.12,2322.63,269765.27462
2021-07-07,2322.42,2410.0,2294.08,2316.91,228320.19624
2021-07-08,2316.68,2325.32,2085.47,2116.3,278332.94746
2021-07-09,2116.3,2189.8,2047.34,2146.9,234831.68787
2021-07-10,2146.91,2194.06,2073.81,2110.74,180089.24952
2021-07-11,2110.76,2174.13,2081.11,2140.23,121662.54336
2021-07-12,2140.23,2168.12,2007.0,2032.0,157893.91164
2021-07-13,2032.0,2047.0,1917.49,1940.74,199583.24263
2021-07-14,1940.56,2020.06,1864.16,1994.65,217575.53492
2021-07-15,1994.65,2041.33,1881.0,1918.9,205241.82475
2021-07-16,1919.22,1964.91,1850.0,1876.78,191134.24809
2021-07-17,1876.79,1919.54,1844.96,1899.71,148695.15176
2021-07-18,1899.7,1994.36,1876.96,1891.5,169100.62183
2021-07-19,1891.51,1918.27,1805.0,1818.77,176687.02978
2021-07-20,1818.76,1841.23,1718.0,1786.41,237852.43263
2021-07-21,1786.42,2034.75,1754.08,1995.9,336846.37382
2021-07-22,1995.92,2045.91,1947.94,2024.14,264764.83166
2021-07-23,2024.15,2131.0,1995.21,2124.42,222508.02172
2021-07-24,2124.99,2199.99,2105.56,2185.16,183267.64085
2021-07-25,2185.68,2198.0,2107.82,2191.6,171496.34
2021-07-26,2191.59,2431.46,2173.0,2228.35,377091.86333
2021-07-27,2228.35,2320.0,2152.03,2300.02,281992.4988
2021-07-28,2300.01,2346.07,2244.73,2301.17,232495.91513
2021-07-29,2301.18,2400.0,2267.27,2383.11,158980.74945
2021-07-30,2383.11,2472.02,2317.0,2462.85,232525.16684
2021-07-31,2462.84,2554.66,2422.56,2532.63,152516.28308
2021-08-01,2532.63,2698.41,2514.21,2555.58,243498.20064
2021-08-02,2556.14,2666.35,2505.96,2607.67,242245.08378
2021-08-03,2607.78,2632.99,2444.4,2508.56,227651.4083
2021-08-04,2508.47,2771.32,2458.0,2724.95,275632.3366
2021-08-05,2724.81,2844.97,2530.1,2828.18,369172.10562
2021-08-06,2828.18,2948.2,2720.48,2892.82,254194.48476
2021-08-07,2892.72,3173.0,2866.41,3162.41,329635.62446
2021-08-08,3162.41,3192.34,2950.0,3013.63,270855.9878
2021-08-09,3013.64,3188.85,2895.0,3161.81,297995.75321
2021-08-10,3161.74,3234.42,3052.96,3142.6,249657.91747
2021-08-11,3142.62,3276.94,3122.0,3162.0,219318.17896
2021-08-12,3161.88,3240.13,2981.0,3047.48,228614.44745
2021-08-13,3047.57,3329.0,3035.57,3323.72,174626.32554
2021-08-14,3324.07,3333.11,3207.0,3266.09,151423.39019
2021-08-15,3266.09,3322.57,3114.07,3309.94,174321.46086
2021-08-16,3309.94,3339.0,3135.0,3147.2,185797.92615
2021-08-17,3147.67,3291.69,2992.0,3011.67,227118.59763
2021-08-18,3011.99,3126.33,2950.38,3016.0,202486.20009
2021-08-19,3015.67,3189.05,2959.18,3183.97,188051.48174
2021-08-20,3183.92,3300.77,3177.71,3285.53,161690.18714
2021-08-21,3285.84,3310.0,3209.41,3226.0,124973.56215
2021-08-22,3225.99,3275.0,3129.24,3240.64,117861.45574
2021-08-23,3240.63,3377.46,3233.0,3322.15,168916.72925
2021-08-24,3322.15,3359.11,3150.0,3171.3,153057.38704
2021-08-25,3171.3,3248.31,3080.0,3227.81,144046.65419
2021-08-26,3227.62,3251.0,3053.85,3093.21,133045.80613
2021-08-27,3093.72,3282.0,3061.69,3274.9,141821.69373
2021-08-28,3275.17,3286.23,3213.37,3246.5,85585.2979
2021-08-29,3246.5,3288.0,3154.78,3226.18,108653.97252
2021-08-30,3226.2,3349.0,3144.02,3229.82,179176.07287
2021-08-31,3229.98,3472.93,3190.0,3430.37,232847.22717
2021-09-01,3430.36,3843.58,3383.47,3828.02,218805.51502
2021-09-02,3828.02,3838.53,3723.06,3787.84,159238.0474
2021-09-03,3787.48,4029.32,3708.72,3939.78,183706.54198
2021-09-04,3939.79,3971.81,3834.4,3887.42,107341.867
2021-09-05,3887.75,3983.83,3835.24,3952.65,108284.3156
2021-09-06,3952.64,3972.11,3868.0,3928.3,100709.8143
2021-09-07,3928.56,3947.94,3007.87,3435.71,334141.06525
2021-09-08,3435.71,3561.03,3216.39,3499.56,255902.9757
2021-09-09,3499.51,3566.73,3392.0,3425.26,172490.9523
2021-09-10,3425.23,3514.32,3147.78,3208.93,188553.308
2021-09-11,3208.92,3347.87,3200.02,3267.19,148506.2682
2021-09-12,3267.2,3472.64,3231.59,3404.44,142194.6021
2021-09-13,3404.76,3430.62,3113.0,3286.23,239057.3522
2021-09-14,3286.19,3437.26,3271.69,3435.53,140360.9819
2021-09-15,3435.3,3618.08,3359.59,3615.08,143274.6102
2021-09-16,3615.13,3676.03,3483.0,3568.69,187177.3326
2021-09-17,3568.6,3594.49,3350.0,3400.05,148671.7121
2021-09-18,3400.04,3542.21,3369.36,3435.84,117163.8049
2021-09-19,3436.01,3457.14,3280.23,3329.68,114930.9336
2021-09-20,3329.16,3347.4,2915.08,2976.58,303253.60841
2021-09-21,2976.59,3105.19,2651.29,2765.58,340550.79865
2021-09-22,2765.73,3091.15,2737.92,3078.81,223055.9106
2021-09-23,3078.44,3174.54,3036.1,3153.78,159942.0743
2021-09-24,3153.78,3159.95,2736.0,2930.13,300356.3079
2021-09-25,2930.29,2968.65,2803.82,2923.72,209121.694
2021-09-26,2923.72,3117.2,2740.08,3060.78,235464.8554
2021-09-27,3060.75,3166.92,2925.0,2926.71,212802.1967
2021-09-28,2926.77,2971.01,2789.61,2805.52,199667.3926
2021-09-29,2805.3,2949.5,2781.99,2850.27,170481.6846
2021-09-30,2850.12,3048.17,2837.58,3000.48,187568.7252
2021-10-01,3000.48,3332.14,2968.73,3311.05,215184.9441
2021-10-02,3311.52,3469.77,3258.51,3389.56,138121.3864
2021-10-03,3389.36,3489.0,3344.5,3419.66,116161.3179
2021-10-04,3419.65,3438.23,3272.28,3386.59,171718.9046
2021-10-05,3387.01,3545.59,3365.23,3516.36,135721.7234
2021-10-06,3516.79,3632.14,3344.21,3575.89,201270.8169
2021-10-07,3576.09,3655.0,3472.12,3588.42,168884.3001
2021-10-08,3588.12,3670.65,3535.0,3563.23,129934.4546
2021-10-09,3563.64,3635.1,3538.38,3575.77,73583.1038
2021-10-10,3575.76,3605.0,3405.83,3415.96,128791.916
2021-10-11,3415.54,3623.22,3344.7,3542.66,149699.0749
2021-10-12,3542.66,3546.76,3403.69,3491.63,167417.1199
2021-10-13,3491.39,3613.0,3412.0,3607.27,133959.9013
2021-10-14,3607.28,3824.74,3587.79,3791.42,142775.352
2021-10-15,3791.42,3904.0,3735.24,3868.28,157460.3196
2021-10-16,3868.18,3969.7,3804.67,3830.61,105236.2406
2021-10-17,3830.25,3919.0,3645.14,3846.65,124074.883
2021-10-18,3846.92,3892.37,3675.12,3744.56,147592.5911
2021-10-19,3744.56,3887.37,3729.98,3877.54,128626.9026
2021-10-20,3877.72,4169.93,3829.08,4162.69,148710.67057
2021-10-21,4162.34,4374.0,4013.18,4053.37,240031.5582
2021-10-22,4053.36,4167.0,3888.88,3971.46,142512.7333
2021-10-23,3971.2,4170.81,3937.85,4166.85,105776.4294
2021-10-24,4166.85,4185.0,3962.65,4082.27,109807.1066
2021-10-25,4082.19,4234.8,4069.45,4219.67,106086.1008
2021-10-26,4219.66,4296.38,4092.55,4131.04,126114.8818
2021-10-27,4131.7,4314.93,3912.0,3924.23,194802.9602
2021-10-28,3924.23,4297.93,3890.48,4287.55,169789.5663
2021-10-29,4288.47,4459.89,4266.01,4418.8,148128.21109
2021-10-30,4419.0,4433.99,4235.0,4324.11,88911.3915
2021-10-31,4324.09,4395.6,4167.39,4290.05,108115.3867
2021-11-01,4290.41,4383.56,4150.0,4321.69,117120.3814
2021-11-02,4321.7,4603.7,4287.0,4592.47,125640.68915
2021-11-03,4592.54,4669.2,4457.96,4605.52,106630.03814
2021-11-04,4605.53,4608.0,4423.14,4536.23,98725.6978
2021-11-05,4535.88,4574.61,4443.74,4478.56,76640.292
2021-11-06,4478.41,4533.7,4330.0,4521.44,80354.0964
2021-11-07,4521.44,4640.88,4506.25,4616.0,66001.2951
2021-11-08,4616.01,4825.8,4615.8,4811.25,93977.20022
2021-11-09,4811.19,4842.12,4714.93,4733.26,81930.25265
2021-11-10,4733.26,4867.36,4467.19,4631.46,148713.21085
2021-11-11,4631.45,4781.74,4579.6,4722.0,83700.9673
2021-11-12,4721.69,4809.84,4510.0,4667.3,125530.7439
2021-11-13,4667.3,4707.88,4586.26,4644.84,67219.1412
2021-11-14,4644.84,4696.0,4515.0,4626.61,73645.1443
2021-11-15,4626.62,4771.1,4540.99,4564.49,96780.2413
2021-11-16,4564.17,4564.17,4108.1,4211.09,234348.1176
2021-11-17,4211.15,4300.0,4067.03,4289.51,158722.5881
2021-11-18,4289.77,4346.88,3957.96,3998.32,198354.0521
2021-11-19,3998.77,4313.0,3975.53,4298.31,143406.3757
2021-11-20,4298.4,4440.0,4203.65,4414.31,98832.7871
2021-11-21,4414.95,4426.9,4245.77,4261.87,82826.4493
2021-11-22,4262.08,4321.67,4025.5,4088.84,171003.9997
2021-11-23,4089.16,4387.01,4061.67,4339.97,170115.4451
2021-11-24,4340.6,4374.87,4168.92,4270.89,137027.9773
2021-11-25,4271.15,4555.0,4246.1,4527.07,124839.8029
2021-11-26,4527.07,4553.65,3916.18,4044.85,228386.7928
2021-11-27,4043.67,4185.74,4031.83,4098.02,86395.5469
2021-11-28,4097.88,4301.55,3965.49,4298.14,108556.1541
2021-11-29,4298.15,4463.0,4281.22,4448.42,109285.602
2021-11-30,4448.41,4756.8,4349.83,4631.81,205269.743
2021-12-01,4632.65,4782.5,4528.0,4585.46,144000.5771
2021-12-02,4585.74,4636.58,4430.57,4515.15,140779.5175
2021-12-03,4515.01,4658.89,4041.61,4218.76,192599.6104
2021-12-04,4218.76,4240.22,3529.33,4120.51,267396.9937
2021-12-05,4120.53,4254.01,4037.32,4200.91,173962.3469
2021-12-06,4201.0,4378.6,3925.0,4352.04,241559.4753
2021-12-07,4352.52,4429.3,4260.0,4309.74,116745.0732
2021-12-08,4309.72,4455.0,4227.64,4440.34,141105.7669
2021-12-09,4440.36,4493.0,4078.0,4107.31,167054.049
2021-12-10,4107.31,4233.63,3888.0,3900.31,180738.2357
2021-12-11,3900.31,4098.0,3834.67,4091.73,143921.5791
2021-12-12,4091.72,4177.59,3988.62,4132.0,90530.2751
2021-12-13,4131.99,4144.53,3672.14,3783.2,191739.2476
2021-12-14,3783.2,3883.03,3686.67,3860.71,168031.5463
2021-12-15,3860.71,4095.44,3645.18,4020.21,192243.5099
2021-12-16,4020.61,4116.6,3952.37,3959.27,139274.3261
2021-12-17,3959.28,3994.4,3700.0,3876.64,172268.0402
2021-12-18,3876.46,3998.35,3768.0,3960.5,105786.6126
2021-12-19,3960.89,4034.0,3884.0,3925.35,103683.2507
2021-12-20,3925.36,3984.24,3755.0,3945.23,148680.288
2021-12-21,3945.23,4063.08,3913.18,4015.99,101396.8924
2021-12-22,4015.97,4075.98,3933.91,3981.04,79374.0216
2021-12-23,3981.1,4153.18,3888.38,4112.3,114671.2111
2021-12-24,4112.45,4136.0,4020.3,4048.71,66936.3173
2021-12-25,4048.46,4140.0,4022.23,4096.22,54208.2178
2021-12-26,4096.48,4106.9,4006.28,4065.3,51604.5825
2021-12-27,4065.59,4130.0,4033.35,4039.65,61990.7194
2021-12-28,4039.65,4039.65,3760.22,3793.79,129813.6583
2021-12-29,3793.55,3828.02,3605.0,3630.81,112513.0057
2021-12-30,3630.81,3768.36,3580.0,3709.85,90740.3405
2021-12-31,3709.55,3815.91,3622.0,3676.45,96646.2366
2022-01-01,3676.81,3777.0,3673.53,3766.05,49822.8793
2022-01-02,3766.06,3859.0,3717.98,3829.44,51212.6102
2022-01-03,3829.32,3852.81,3682.0,3765.57,66063.3402
2022-01-04,3766.08,3893.61,3714.5,3784.39,81576.2523
2022-01-05,3784.86,3847.39,3416.01,3539.63,128470.7361
2022-01-06,3539.64,3550.49,3298.72,3406.55,150710.4806
2022-01-07,3406.69,3416.19,3062.1,3197.44,232458.9763
2022-01-08,3197.68,3247.4,3000.0,3080.63,132060.7249
2022-01-09,3080.82,3211.29,3058.43,3151.69,95097.5392
2022-01-10,3152.37,3183.6,2928.63,3082.42,213707.1843
2022-01-11,3082.7,3263.99,3052.37,3240.72,137982.5189
2022-01-12,3240.58,3412.11,3206.76,3372.96,132363.8194
2022-01-13,3372.58,3411.5,3233.75,3241.86,112975.3519
2022-01-14,3241.99,3345.01,3188.08,3308.87,105249.5306
2022-01-15,3308.77,3374.31,3261.8,3327.75,56833.7762
2022-01-16,3327.75,3394.5,3275.55,3348.0,62474.2482
2022-01-17,3348.2,3358.73,3142.56,3210.26,93279.4235
2022-01-18,3210.44,3244.91,3083.17,3160.87,113107.7036
2022-01-19,3160.87,3176.09,3047.23,3085.12,111776.7776
2022-01-20,3085.11,3272.7,2988.41,3002.03,133065.3808
2022-01-21,3002.03,3033.49,2460.0,2568.12,332624.66258
2022-01-22,2568.39,2626.42,2300.0,2411.5,314037.50047
2022-01-23,2412.39,2551.9,2370.96,2539.63,186064.5504
2022-01-24,2539.6,2539.97,2158.72,2440.37,368420.19569
2022-01-25,2440.36,2508.0,2351.41,2459.99,197381.0243
2022-01-26,2459.99,2724.51,2402.91,2464.61,284625.1674
2022-01-27,2464.62,2521.49,2316.99,2424.72,216416.0034
2022-01-28,2424.78,2558.89,2358.84,2545.93,193586.1104
2022-01-29,2545.87,2637.32,2521.0,2602.17,123555.2148
2022-01-30,2602.17,2641.86,2543.52,2602.54,104173.9754
2022-01-31,2602.54,2707.59,2477.77,2688.27,163489.0531
2022-02-01,2687.99,2815.37,2675.33,2788.93,148270.1193
2022-02-02,2788.93,2812.0,2615.0,2681.48,157540.0145
2022-02-03,2681.85,2726.27,2577.63,2697.17,149968.3067
2022-02-04,2696.57,2997.0,2672.32,2996.3,203275.1554
2022-02-05,2996.05,3062.07,2960.76,3013.62,124809.1847
2022-02-06,3013.92,3076.92,2953.82,3056.94,79862.6624
2022-02-07,3056.95,3188.77,2994.79,3141.9,144663.4428
2022-02-08,3141.9,3234.77,3028.08,3119.57,157817.3488
2022-02-09,3119.59,3272.34,3056.1,3246.47,118966.2851
2022-02-10,3246.46,3286.0,3060.14,3075.09,177910.1913
2022-02-11,3075.09,3141.01,2880.23,2929.22,159433.947
2022-02-12,2929.21,2986.85,2860.0,2920.52,110694.2584
2022-02-13,2920.21,2956.15,2837.61,2872.5,82214.0698
2022-02-14,2872.6,2965.79,2832.15,2930.89,102055.9972
2022-02-15,2930.9,3198.0,2913.5,3185.52,118907.3639
2022-02-16,3185.62,3188.9,3045.0,3124.08,116144.1098
2022-02-17,3124.1,3162.14,2854.69,2893.44,166740.7363
2022-02-18,2893.48,2945.67,2753.44,2780.89,140677.3178
2022-02-19,2780.77,2832.08,2696.12,2765.41,86332.5351
2022-02-20,2765.14,2765.72,2577.04,2623.08,115041.3567
2022-02-21,2623.08,2760.86,2559.51,2570.17,201371.8689
2022-02-22,2569.89,2666.0,2500.3,2637.51,200522.7564
2022-02-23,2637.74,2754.94,2577.22,2580.18,193643.7375
2022-02-24,2580.95,2736.8,2301.4,2597.39,393899.6476
2022-02-25,2597.79,2836.73,2573.07,2769.54,193993.115
2022-02-26,2769.54,2879.63,2728.8,2780.95,123622.2312
2022-02-27,2780.95,2837.44,2560.0,2618.24,197343.8458
2022-02-28,2617.76,2950.0,2570.0,2922.13,240651.9018
2022-03-01,2922.52,3038.37,2855.0,2977.7,216866.2331
2022-03-02,2977.7,3045.0,2915.2,2948.67,209101.6307
2022-03-03,2948.79,2972.0,2785.3,2834.24,145007.042
2022-03-04,2834.23,2835.88,2573.72,2622.87,193398.1464
2022-03-05,2622.47,2685.09,2590.04,2665.4,71562.3996
2022-03-06,2665.4,2676.56,2535.0,2551.33,90067.9884
2022-03-07,2551.38,2649.0,2445.59,2491.66,174284.5139
2022-03-08,2491.58,2624.3,2480.6,2576.54,171130.6419
2022-03-09,2576.55,2774.63,2567.75,2727.75,157891.8046
2022-03-10,2727.75,2733.98,2553.56,2607.51,160670.6015
2022-03-11,2607.67,2677.22,2523.49,2557.04,134305.9458
2022-03-12,2557.04,2617.1,2553.8,2569.31,48521.7448
2022-03-13,2569.3,2603.47,2493.77,2515.93,68655.3447
2022-03-14,2515.93,2609.57,2499.2,2589.97,124534.1576
2022-03-15,2589.58,2669.0,2508.0,2618.68,132686.8114
2022-03-16,2618.61,2788.82,2604.0,2774.81,196257.9737
2022-03-17,2774.85,2838.0,2747.81,2813.29,119138.7143
2022-03-18,2813.28,2986.22,2768.74,2940.46,136423.8422
2022-03-19,2940.46,2988.02,2892.5,2952.01,75671.9354
2022-03-20,2952.01,2965.7,2820.0,2862.93,90594.0117
2022-03-21,2862.93,2962.06,2832.85,2891.01,112781.7031
2022-03-22,2891.0,3054.76,2887.6,2970.8,141247.9173
2022-03-23,2970.79,3045.75,2921.45,3036.82,125609.7415
2022-03-24,3036.98,3130.27,3003.0,3112.65,166267.1104
2022-03-25,3112.66,3194.59,3077.1,3103.66,142854.8275
2022-03-26,3103.65,3154.63,3086.5,3146.25,51723.6259
2022-03-27,3146.25,3299.99,3127.69,3296.54,91168.6894
2022-03-28,3296.53,3433.06,3276.3,3334.76,143710.2349
2022-03-29,3334.75,3483.51,3331.42,3402.1,129192.689
2022-03-30,3401.87,3448.0,3334.5,3386.05,99152.9909
2022-03-31,3386.51,3445.03,3262.38,3282.55,132300.2526
2022-04-01,3282.56,3483.11,3211.82,3456.02,156803.2855
2022-04-02,3456.02,3532.59,3434.0,3444.3,128755.7038
2022-04-03,3444.7,3581.18,3414.04,3522.83,100143.0854
2022-04-04,3522.83,3550.0,3409.2,3520.19,116943.8403
2022-04-05,3520.63,3555.15,3395.78,3407.2,107508.6775
2022-04-06,3407.21,3408.32,3162.89,3168.76,188738.7012
2022-04-07,3168.76,3269.0,3142.39,3227.78,122833.3361
2022-04-08,3227.63,3314.36,3171.94,3192.58,127903.5873
2022-04-09,3192.58,3268.96,3147.42,3259.29,56963.8745
2022-04-10,3259.06,3308.3,3194.0,3203.63,56093.7558
2022-04-11,3203.63,3214.0,2947.45,2979.93,184616.888
2022-04-12,2979.93,3088.0,2950.39,3027.95,149158.2664
2022-04-13,3027.95,3130.0,2998.02,3118.76,116472.5107
2022-04-14,3118.76,3145.0,2976.44,3022.03,113723.9719
2022-04-15,3022.04,3060.0,2993.73,3040.84,62612.0512
2022-04-16,3040.89,3086.2,3011.0,3059.77,43674.8059
2022-04-17,3059.78,3082.81,2983.38,2988.26,70167.7075
2022-04-18,2988.42,3069.77,2884.49,3056.09,147943.1917
2022-04-19,3056.1,3131.07,3030.91,3102.17,108686.4856
2022-04-20,3102.26,3168.0,3037.44,3077.21,120176.179
2022-04-21,3077.0,3180.0,2943.0,2984.16,131942.8424
2022-04-22,2984.16,3034.54,2933.63,2962.41,128067.8443
2022-04-23,2962.35,2978.56,2916.39,2933.51,46557.5923
2022-04-24,2933.49,2967.64,2912.4,2922.18,68347.9158
2022-04-25,2922.02,3025.7,2795.0,3006.7,173705.5565
2022-04-26,3006.71,3039.8,2766.64,2809.63,149040.4242
2022-04-27,2809.63,2919.71,2794.68,2889.15,131376.3632
2022-04-28,2889.14,2980.0,2854.62,2937.0,138505.6698
2022-04-29,2937.01,2946.52,2776.42,2816.93,142940.5057
2022-04-30,2816.93,2841.13,2720.0,2727.06,84591.5399
2022-05-01,2727.2,2849.0,2717.32,2825.14,90610.7086
2022-05-02,2825.13,2882.52,2777.63,2856.11,124056.4241
2022-05-03,2856.12,2861.2,2755.0,2781.23,99243.2323
2022-05-04,2781.24,2966.14,2771.36,2940.24,151882.0565
2022-05-05,2940.24,2954.0,2685.0,2747.41,180123.2813
2022-05-06,2747.41,2757.27,2632.47,2692.55,189483.8312
2022-05-07,2692.61,2703.29,2587.0,2634.5,97375.7072
2022-05-08,2634.78,2641.0,2483.04,2518.87,183731.1309
2022-05-09,2518.88,2529.55,2225.12,2229.18,353211.4355
2022-05-10,2228.17,2457.48,2198.05,2341.14,344519.1865
2022-05-11,2341.45,2450.0,2000.0,2075.39,495408.54123
2022-05-12,2074.76,2185.0,1633.32,1954.08,608862.36159
2022-05-13,1954.16,2145.01,1935.18,2006.18,359562.259
2022-05-14,2006.17,2066.25,1947.5,2053.24,245207.4161
2022-05-15,2053.52,2181.86,1997.17,2143.01,194736.2566
2022-05-16,2143.0,2143.0,1974.21,2020.66,329626.1073
2022-05-17,2020.67,2120.0,2005.9,2088.22,226724.5432
2022-05-18,2088.11,2108.4,1905.5,1912.23,303800.4774
2022-05-19,1912.45,2038.27,1900.21,2017.44,337260.5915
2022-05-20,2017.34,2062.06,1920.89,1956.69,317435.6164
2022-05-21,1956.69,1988.38,1935.2,1972.38,100847.2949
2022-05-22,1972.39,2054.03,1963.74,2040.85,158667.2053
2022-05-23,2040.9,2086.8,1955.16,1971.36,262963.2168
2022-05-24,1971.35,1991.43,1911.0,1977.63,151705.3086
2022-05-25,1977.62,2019.37,1932.39,1940.7,208861.6049
2022-05-26,1940.73,1963.8,1733.0,1790.24,413893.1155
2022-05-27,1789.94,1820.18,1701.95,1725.26,455509.1802
2022-05-28,1725.26,1807.04,1720.14,1790.41,172298.4429
2022-05-29,1790.42,1825.19,1759.21,1811.74,133128.2309
2022-05-30,1811.74,2011.24,1801.49,1997.3,305677.9698
2022-05-31,1997.34,2015.03,1922.12,1940.56,274443.9097
2022-06-01,1940.57,1971.09,1762.0,1816.28,379589.5344
2022-06-02,1816.19,1851.45,1780.76,1832.64,322522.0572
2022-06-03,1832.65,1842.28,1736.0,1773.16,291957.1537
2022-06-04,1773.16,1814.32,1746.65,1802.97,121626.4881
2022-06-05,1802.97,1828.72,1771.82,1804.52,126730.343
2022-06-06,1804.72,1918.73,1797.3,1858.25,339276.591
2022-06-07,1858.24,1873.72,1724.08,1812.4,439508.1655
2022-06-08,1812.37,1838.42,1764.32,1790.36,304686.5044
2022-06-09,1790.36,1835.0,1775.86,1787.29,218313.7289
2022-06-10,1787.36,1803.04,1654.0,1661.2,404129.0067
2022-06-11,1661.21,1683.06,1500.0,1531.22,557096.30261
2022-06-12,1531.23,1544.89,1422.7,1433.4,613729.1948
2022-06-13,1433.11,1453.35,1162.98,1207.32,1299547.80392
2022-06-14,1207.6,1265.85,1074.29,1207.85,924494.37426
2022-06-15,1207.65,1247.85,1012.54,1236.0,1099275.88407
2022-06-16,1236.01,1256.27,1050.65,1067.07,525204.284
2022-06-17,1067.13,1116.57,1050.0,1085.49,451138.7291
2022-06-18,1085.5,1096.58,880.34,993.57,713441.95428
2022-06-19,993.44,1156.89,935.01,1126.96,603630.9052
2022-06-20,1126.96,1168.6,1051.58,1126.62,527965.861
2022-06-21,1126.72,1192.44,1108.12,1124.74,422832.903
2022-06-22,1124.75,1126.25,1040.0,1048.96,418107.9702
2022-06-23,1049.02,1153.23,1043.76,1143.63,407380.5141
2022-06-24,1143.64,1244.82,1131.0,1223.83,411749.8719
2022-06-25,1223.84,1255.0,1178.31,1241.47,278261.1266
2022-06-26,1241.36,1279.92,1193.68,1197.18,258477.1577
2022-06-27,1197.14,1240.0,1172.31,1191.24,343933.7097
2022-06-28,1191.24,1236.8,1135.0,1142.73,361075.1755
2022-06-29,1142.58,1155.59,1085.96,1098.89,409744.118
2022-06-30,1098.9,1105.3,996.13,1069.77,490377.6138
2022-07-01,1069.72,1114.87,1032.16,1058.43,524194.2455
2022-07-02,1058.46,1077.5,1026.87,1065.5,259467.3931
2022-07-03,1065.5,1086.0,1039.38,1072.72,247445.648
2022-07-04,1072.95,1159.93,1043.98,1149.85,413314.7883
2022-07-05,1149.72,1172.9,1076.09,1131.35,517767.5725
2022-07-06,1131.34,1203.48,1110.5,1185.21,529338.558
2022-07-07,1185.2,1253.58,1162.23,1236.75,452321.2447
2022-07-08,1236.76,1275.8,1192.27,1213.43,532824.6911
2022-07-09,1213.22,1234.0,1203.97,1216.48,221022.3542
2022-07-10,1216.49,1219.08,1152.49,1167.58,315586.7732
2022-07-11,1167.62,1170.54,1090.0,1095.56,370001.4237
2022-07-12,1095.55,1097.43,1032.24,1037.54,410185.3482
2022-07-13,1037.54,1118.47,1005.26,1114.12,607640.0099
2022-07-14,1113.98,1213.33,1071.18,1192.48,475439.627
2022-07-15,1192.47,1288.0,1179.91,1230.9,514652.1843
2022-07-16,1230.88,1421.14,1191.41,1355.38,496432.3978
2022-07-17,1355.62,1386.31,1318.58,1338.29,421908.5938
2022-07-18,1338.3,1596.0,1335.11,1580.51,675960.2244
2022-07-19,1580.51,1630.95,1490.43,1542.57,704592.3017
2022-07-20,1542.51,1620.87,1484.97,1521.8,626248.6024
2022-07-21,1521.62,1607.0,1463.92,1575.75,537865.1134
2022-07-22,1575.49,1646.22,1517.02,1535.26,544871.6809
2022-07-23,1535.26,1596.85,1488.1,1548.83,359894.6692
2022-07-24,1548.79,1664.3,1545.91,1597.88,431709.2325
2022-07-25,1597.89,1609.6,1435.4,1440.94,617456.7144
2022-07-26,1440.94,1454.27,1356.26,1449.28,534915.8493
2022-07-27,1449.25,1645.0,1421.07,1636.62,648978.011
2022-07-28,1636.61,1784.0,1594.96,1724.76,645226.0265
2022-07-29,1724.92,1766.01,1657.11,1722.47,526965.7949
2022-07-30,1722.47,1744.94,1674.0,1697.42,333924.5727
2022-07-31,1697.5,1754.65,1667.36,1679.01,290655.3618
2022-08-01,1679.01,1705.21,1606.75,1630.57,350981.9917
2022-08-02,1630.57,1678.86,1559.99,1631.06,513222.1266
2022-08-03,1631.19,1685.0,1590.3,1618.69,375194.0218
2022-08-04,1618.68,1663.07,1577.46,1608.19,360701.9821
2022-08-05,1607.99,1742.92,1605.59,1736.48,476283.6745
2022-08-06,1736.96,1750.0,1686.0,1690.87,213601.0413
2022-08-07,1690.88,1730.0,1668.95,1700.1,198118.0518
2022-08-08,1700.49,1818.64,1694.24,1777.38,355095.6766
2022-08-09,1777.2,1791.51,1668.98,1703.31,335581.8819
2022-08-10,1703.29,1886.0,1656.53,1854.01,519816.8261
2022-08-11,1854.0,1942.68,1850.8,1881.01,495029.5291
2022-08-12,1881.01,1965.32,1854.59,1959.22,336374.5513
2022-08-13,1959.22,2022.0,1947.4,1984.36,319963.4627
2022-08-14,1984.37,2031.13,1907.21,1935.95,277153.4437
2022-08-15,1935.96,2012.68,1873.26,1899.6,432085.3693
2022-08-16,1899.46,1915.01,1852.65,1876.93,313116.725
2022-08-17,1876.82,1958.0,1819.21,1834.24,434545.8302
2022-08-18,1834.25,1882.55,1821.5,1846.53,265525.0548
2022-08-19,1846.53,1848.09,1603.01,1608.98,591751.2829
2022-08-20,1608.97,1656.8,1523.0,1575.78,375728.6142
2022-08-21,1575.77,1646.96,1562.38,1618.21,350856.8197
2022-08-22,1618.08,1629.0,1530.0,1624.62,462586.9389
2022-08-23,1624.63,1674.94,1563.59,1665.23,417558.1522
2022-08-24,1665.4,1694.0,1605.35,1656.45,385645.4685
2022-08-25,1656.46,1722.0,1654.25,1695.02,311906.5608
2022-08-26,1695.25,1706.51,1486.63,1508.19,2670913.9242
2022-08-27,1508.19,1518.84,1447.01,1490.92,1166043.0998
2022-08-28,1490.92,1510.98,1423.87,1426.75,652124.7608
2022-08-29,1426.58,1560.16,1422.0,1551.83,933257.7577
2022-08-30,1551.94,1605.85,1474.0,1524.49,1296474.6422
2022-08-31,1524.55,1619.58,1523.97,1554.01,1387560.402
2022-09-01,1554.02,1599.0,1512.71,1585.85,1085675.8235
2022-09-02,1585.72,1648.98,1546.44,1575.36,1160439.8845
2022-09-03,1575.36,1582.58,1534.22,1557.5,579713.2047
2022-09-04,1557.57,1583.54,1540.61,1578.94,544216.8756
2022-09-05,1578.99,1631.4,1557.11,1617.76,846070.779
2022-09-06,1617.74,1686.96,1553.72,1559.12,1433057.6527
2022-09-07,1558.9,1657.49,1490.54,1629.91,1280905.1341
2022-09-08,1629.87,1664.5,1594.67,1635.66,1203511.7755
2022-09-09,1635.59,1747.0,1630.51,1719.03,1358814.9848
2022-09-10,1718.89,1789.96,1706.74,1774.74,770707.9948
2022-09-11,1774.82,1789.88,1720.0,1766.56,693420.8416
2022-09-12,1766.55,1784.0,1692.84,1716.57,1090948.7524
2022-09-13,1716.58,1766.0,1558.26,1574.43,1557634.5385
2022-09-14,1574.2,1647.0,1552.06,1638.26,1232992.8919
2022-09-15,1638.21,1655.77,1456.0,1472.61,1749846.2381
2022-09-16,1472.63,1483.31,1405.3,1433.69,1259112.2691
2022-09-17,1433.59,1476.35,1409.08,1468.96,830720.622
2022-09-18,1468.96,1469.94,1325.0,1334.42,1594759.8548
2022-09-19,1334.42,1393.51,1280.0,1376.18,1792504.9192
2022-09-20,1376.13,1385.0,1312.06,1322.83,1384320.9656
2022-09-21,1322.82,1415.0,1220.0,1246.14,1625291.6898
2022-09-22,1245.86,1349.0,1237.2,1326.23,1930412.8483
2022-09-23,1326.41,1359.6,1262.0,1327.08,1918197.8351
2022-09-24,1327.26,1349.36,1306.43,1317.31,2038992.6248
2022-09-25,1317.23,1337.23,1269.27,1294.7,1704496.1337
2022-09-26,1294.62,1340.21,1278.19,1336.16,756931.3817
2022-09-27,1336.16,1400.24,1303.33,1327.96,1344878.9269
2022-09-28,1327.97,1356.0,1251.23,1336.97,901461.1696
2022-09-29,1336.97,1351.91,1288.5,1335.82,642667.8146
2022-09-30,1335.83,1373.33,1314.0,1328.84,589934.1364
2022-10-01,1328.77,1333.88,1303.0,1311.79,249454.2113
2022-10-02,1311.8,1318.0,1269.8,1276.72,340630.6379
2022-10-03,1276.73,1330.0,1263.27,1323.31,472537.2218
2022-10-04,1323.35,1369.84,1319.0,1361.85,433765.7355
2022-10-05,1361.85,1364.86,1316.67,1352.52,418252.0528
